<!--Thu Aug 15 20:47:13 2013-->
  <configuration>
    <property>
    <name>mapreduce.task.timeout</name>
    <value>600000</value>
  </property>
    <property>
    <name>mapreduce.cluster.local.dir</name>
    <value>/hadoop/mapred</value>
  </property>
    <property>
    <name>mapreduce.reduce.input.buffer.percent</name>
    <value>0.0</value>
  </property>
    <property>
    <name>mapreduce.jobhistory.address</name>
    <value>linuxhdp:10020</value>
  </property>
    <property>
    <name>mapreduce.cluster.reducememory.mb</name>
    <value>2048</value>
  </property>
    <property>
    <name>mapred.child.java.opts</name>
    <value>-Xmx512m</value>
  </property>
    <property>
    <name>mapreduce.tasktracker.healthchecker.script.path</name>
    <value>file:////mapred/jobstatus</value>
  </property>
    <property>
    <name>yarn.app.mapreduce.am.staging-dir</name>
    <value>/user</value>
  </property>
    <property>
    <name>mapred.task.tracker.task-controller</name>
    <value>org.apache.hadoop.mapred.DefaultTaskController</value>
  </property>
    <property>
    <name>mapred.cluster.max.reduce.memory.mb</name>
    <value>1024</value>
  </property>
    <property>
    <name>mapreduce.jobhistory.intermediate-done-dir</name>
    <value>/mr-history/tmp</value>
  </property>
    <property>
    <name>mapred.cluster.max.map.memory.mb</name>
    <value>1024</value>
  </property>
    <property>
    <name>mapreduce.map.sort.spill.percent</name>
    <value>0.1</value>
  </property>
    <property>
    <name>mapreduce.jobhistory.done-dir</name>
    <value>/mr-history/done</value>
  </property>
    <property>
    <name>mapreduce.jobhistory.webapp.address</name>
    <value>linuxhdp:19888</value>
  </property>
    <property>
    <name>mapreduce.map.speculative</name>
    <value>false</value>
  </property>
    <property>
    <name>mapreduce.map.memory.mb</name>
    <value>682</value>
  </property>
    <property>
    <name>mapreduce.output.fileoutputformat.compress.type</name>
    <value>BLOCK</value>
  </property>
    <property>
    <name>mapreduce.task.io.sort.mb</name>
    <value>272</value>
  </property>
    <property>
    <name>mapreduce.reduce.merge.inmem.threshold</name>
    <value>1000</value>
  </property>
    <property>
    <name>mapreduce.shuffle.port</name>
    <value>8081</value>
  </property>
    <property>
    <name>mapred.jobtracker.taskScheduler</name>
    <value>org.apache.hadoop.mapred.CapacityTaskScheduler</value>
  </property>
    <property>
    <name>mapreduce.task.io.sort.factor</name>
    <value>100</value>
  </property>
    <property>
    <name>mapreduce.jobtracker.system.dir</name>
    <value>/mapred/system</value>
  </property>
    <property>
    <name>mapreduce.jobtracker.tasktracker.maxblacklists</name>
    <value>16</value>
  </property>
    <property>
    <name>mapreduce.reduce.shuffle.input.buffer.percent</name>
    <value>0.7</value>
  </property>
    <property>
    <name>mapred.cluster.map.memory.mb</name>
    <value>1024</value>
  </property>
    <property>
    <name>mapreduce.reduce.shuffle.merge.percent</name>
    <value>0.66</value>
  </property>
    <property>
    <name>mapred.jobtracker.maxtasks.per.job</name>
    <value>-1</value>
  </property>
    <property>
    <name>mapreduce.reduce.memory.mb</name>
    <value>1364</value>
  </property>
    <property>
    <name>mapreduce.job.reduce.slowstart.completedmaps</name>
    <value>0.05</value>
  </property>
    <property>
    <name>mapreduce.tasktracker.healthchecker.script.timeout</name>
    <value>60000</value>
  </property>
    <property>
    <name>mapreduce.reduce.input.limit</name>
    <value>10737418240</value>
  </property>
    <property>
    <name>mapreduce.reduce.shuffle.parallelcopies</name>
    <value>30</value>
  </property>
    <property>
    <name>mapreduce.tasktracker.map.tasks.maximum</name>
    <value>4</value>
  </property>
    <property>
    <name>mapreduce.reduce.speculative</name>
    <value>false</value>
  </property>
    <property>
    <name>mapreduce.framework.name</name>
    <value>yarn</value>
  </property>
    <property>
    <name>mapred.userlog.retain.hours</name>
    <value>24</value>
  </property>
  </configuration>
