<!--Thu Aug 15 20:46:53 2013-->
  <configuration>
    <property>
    <name>yarn.nodemanager.address</name>
    <value>0.0.0.0:45454</value>
  </property>
    <property>
    <name>yarn.nodemanager.local-dirs</name>
    <value>/hadoop/yarn/local</value>
  </property>
    <property>
    <name>yarn.nodemanager.container-monitor.interval-ms</name>
    <value>3000</value>
  </property>
    <property>
    <name>yarn.resourcemanager.am.max-attempts</name>
    <value>2</value>
  </property>
    <property>
    <name>yarn.nodemanager.health-checker.script.timeout-ms</name>
    <value>60000</value>
  </property>
    <property>
    <name>yarn.nodemanager.remote-app-log-dir</name>
    <value>/app-logs</value>
  </property>
    <property>
    <name>yarn.log.server.url</name>
    <value>linuxhdp:19888/jobhistory/logs</value>
  </property>
    <property>
    <name>yarn.scheduler.maximum-allocation-mb</name>
    <value>2046</value>
  </property>
    <property>
    <name>yarn.nodemanager.vmem-pmem-ratio</name>
    <value>2.1</value>
  </property>
    <property>
    <name>yarn.nodemanager.delete.debug-delay-sec</name>
    <value>0</value>
  </property>
    <property>
    <name>yarn.nodemanager.health-checker.interval-ms</name>
    <value>135000</value>
  </property>
    <property>
    <name>yarn.nodemanager.resource.memory-mb</name>
    <value>1024</value>
  </property>
    <property>
    <name>yarn.nodemanager.log-dirs</name>
    <value>/hadoop/yarn/log</value>
  </property>
    <property>
    <name>yarn.nodemanager.log.retain-second</name>
    <value>604800</value>
  </property>
    <property>
    <name>yarn.resourcemanager.scheduler.class</name>
    <value>org.apache.hadoop.yarn.server.resourcemanager.scheduler.capacity.CapacityScheduler</value>
  </property>
    <property>
    <name>yarn.application.classpath</name>
    <value>/etc/hadoop/conf,/usr/lib/hadoop/*,/usr/lib/hadoop/lib/*,/usr/lib/hadoop-hdfs/*,/usr/lib/hadoop-hdfs/lib/*,/usr/lib/hadoop-yarn/*,/usr/lib/hadoop-yarn/lib/*,/usr/lib/hadoop-mapreduce/*,/usr/lib/hadoop-mapreduce/lib/*</value>
  </property>
    <property>
    <name>yarn.scheduler.minimum-allocation-mb</name>
    <value>682</value>
  </property>
    <property>
    <name>yarn.nodemanager.aux-services</name>
    <value>mapreduce_shuffle</value>
  </property>
    <property>
    <name>yarn.nodemanager.log-aggregation.compression-type</name>
    <value>gz</value>
  </property>
    <property>
    <name>yarn.nodemanager.health-checker.script.path</name>
    <value>/etc/hadoop/conf/health_check</value>
  </property>
    <property>
    <name>yarn.nodemanager.container-executor.class</name>
    <value>org.apache.hadoop.yarn.server.nodemanager.DefaultContainerExecutor</value>
  </property>
    <property>
    <name>yarn.log-aggregation.retain-seconds</name>
    <value>2592000</value>
  </property>
    <property>
    <name>yarn.nodemanager.remote-app-log-dir-suffix</name>
    <value>logs</value>
  </property>
    <property>
    <name>yarn.nodemanager.aux-services.mapreduce.shuffle.class</name>
    <value>org.apache.hadoop.mapred.ShuffleHandler</value>
  </property>
    <property>
    <name>yarn.resourcemanager.hostname</name>
    <value>linuxhdp</value>
  </property>
    <property>
    <name>yarn.nodemanager.admin-env</name>
    <value>MALLOC_ARENA_MAX=$MALLOC_ARENA_MAX</value>
  </property>
    <property>
    <name>yarn.nodemanager.disk-health-checker.min-healthy-disks</name>
    <value>0.25</value>
  </property>
    <property>
    <name>yarn.log-aggregation-enable</name>
    <value>true</value>
  </property>
<property>
<name>yarn.app.mapreduce.am.resource.mb</name>
<value>1364</value>
</property>
<property>
<name>yarn.app.mapreduce.am.command-opts</name>
<value>-Xmx1091m</value>
</property>
  </configuration>
